,sno,complaint,complaint_type,received_date,incident_date,county,incident_status_desc,incident_zip,incident_closed_date
0,1,242424,"['Air', 'Fugitive Dust/Particulate Matter']",2024-03-29,2024-03-29,Montgomery,Referred to Outside Agency,20817,
1,2,242405,['Other'],2024-03-25,2024-03-25,Prince George's,Incident Closed-Managed,,2024-03-27
2,3,242404,['Other'],2024-03-25,2024-03-25,Prince George's,Incident Closed-Managed,,2024-03-27
3,4,242392,['Air'],2024-03-21,2024-03-21,Frederick,Under Investigation,21703,
4,5,242390,['Smoke'],2024-03-18,2024-03-18,Baltimore City,Incident Closed-Managed,,2024-03-22
5,6,242389,['Fugitive Dust/Particulate Matter'],2024-02-23,2024-02-23,Baltimore,Incident Closed-Managed,,2024-03-22
6,7,242388,['Odor'],2024-02-23,2024-02-23,Baltimore City,Incident Closed-Managed,,2024-03-22
7,8,242386,['Odor'],2024-03-14,2024-03-14,Baltimore City,Incident Closed-Managed,,2024-03-22
8,9,242385,['Odor'],2024-03-04,2024-03-04,Baltimore City,Incident Closed-Managed,,2024-03-22
9,10,242384,['Odor'],2024-03-09,2024-03-09,Baltimore City,Incident Closed-Managed,,2024-03-22
10,11,242383,['Odor'],2024-03-08,2024-03-08,Baltimore City,Incident Closed-Managed,,2024-03-22
11,12,242382,['Odor'],2024-03-05,2024-03-05,Baltimore City,Incident Closed-Managed,,2024-03-22
12,13,242381,['Odor'],2024-03-04,2024-03-04,Baltimore City,Incident Closed-Managed,,2024-03-22
13,14,242380,['Odor'],2024-03-01,2024-03-01,Baltimore City,Incident Closed-Managed,,2024-03-22
14,15,242379,['Odor'],2024-02-29,2024-02-29,Baltimore City,Incident Closed-Managed,,2024-03-22
15,16,242378,['Fugitive Dust/Particulate Matter'],2024-02-28,2024-02-28,Baltimore City,Incident Closed-Managed,,2024-03-22
16,17,232384,['Odor'],2024-02-28,2024-02-28,Baltimore City,Incident Closed-Managed,,2024-03-21
17,18,232383,['Fugitive Dust/Particulate Matter'],2024-02-28,2024-02-28,Baltimore City,Incident Closed-Managed,,2024-03-21
18,19,232382,['Odor'],2024-02-22,2024-02-22,Baltimore City,Incident Closed-Managed,,2024-03-21
19,20,232374,['Air'],2024-03-21,2024-03-21,Charles,Under Investigation,20637,
20,21,232372,['Odor'],2024-02-16,2024-02-16,Baltimore City,Incident Closed-Managed,,2024-03-20
21,22,232371,['Odor'],2024-02-12,2024-02-12,Baltimore City,Incident Closed-Managed,,2024-03-20
22,23,232369,['Air'],2024-03-19,2024-03-19,Anne Arundel,Incident Closed-No Violation Observed,21401,2024-03-20
23,24,232365,"['Air', 'Open Burning', 'Smoke']",2024-03-19,2024-03-19,Carroll,Referred to Outside Agency,21776,
24,25,232364,"['Air', 'Fumes', 'Odor', 'Smoke']",2024-03-14,2024-03-14,Cecil,Referred to Outside Agency,,
25,26,232363,"['Air', 'Smoke', 'Vapor Release']",2024-03-19,2024-03-14,Montgomery,Incident Closed-Managed,20850,2024-03-19
26,27,232361,['Air'],2024-03-17,2024-03-17,Anne Arundel,Under Investigation,,
27,28,232360,['Air'],2024-03-17,2024-03-17,Anne Arundel,Under Investigation,,
28,29,232359,"['Air', 'Fumes', 'Smoke']",2024-03-14,2024-03-14,Montgomery,Incident Closed-Managed,20850,2024-03-19
29,30,232358,"['Air', 'Fumes', 'Smoke']",2024-03-14,2024-03-14,Montgomery,Incident Closed-Managed,20850,2024-03-19
30,31,232354,['Other'],2024-03-16,2024-03-16,Prince George's,Incident Closed-Managed,,2024-03-18
31,32,232353,['Other'],2024-03-16,2024-03-16,Prince George's,Incident Closed-Managed,,2024-03-18
32,33,232351,['Other'],2024-03-13,2024-03-13,Prince George's,Incident Closed-Managed,,2024-03-18
33,34,232342,['Air'],2024-03-14,2024-03-14,Frederick,Referred to Attorney General's Office,21757,
34,35,232341,"['Air', 'Fumes', 'Odor']",2024-03-13,2024-03-13,Cecil,Referred to Outside Agency,21911,
35,36,232340,"['Air', 'Open Burning', 'Smoke']",2024-03-13,2024-03-13,Cecil,Referred to Outside Agency,21921,
36,37,232338,['Air'],2024-03-13,2024-03-13,Frederick,Referred to Attorney General's Office,21757,
37,38,232331,"['Air', 'Other']",2024-03-12,2024-03-12,Montgomery,Incident Closed-Managed,20879,2024-03-13
38,39,232330,"['Air', 'Air Pollutant Release']",2024-03-13,2024-03-13,Carroll,Incident Closed-Managed,,2024-03-13
39,40,232326,['Smoke'],2024-03-06,2023-12-10,Allegany,Under Investigation,21502,
40,41,232325,['Air'],2024-03-12,2024-03-12,Frederick,Referred to Attorney General's Office,21757,
41,42,232324,['Air'],2024-03-11,2024-03-11,Frederick,Referred to Attorney General's Office,21757,
42,43,232323,['Air'],2024-03-11,2024-03-11,Anne Arundel,Under Investigation,,
43,44,232322,['Air'],2024-03-11,2024-03-11,Anne Arundel,Under Investigation,,
44,45,232321,['Air'],2024-03-11,2024-03-11,Anne Arundel,Under Investigation,,
45,46,232320,['Air'],2024-03-08,2024-03-08,Anne Arundel,Under Investigation,,
46,47,232319,['Air'],2024-03-12,2024-03-08,Anne Arundel,Under Investigation,,
47,48,232316,['Air'],2024-03-08,2024-03-08,Anne Arundel,Under Investigation,,
48,49,232315,['Air'],2024-03-08,2024-03-08,Anne Arundel,Under Investigation,,
49,50,232314,['Air'],2024-03-07,2024-03-07,Anne Arundel,Under Investigation,,
50,51,232313,['Air'],2024-03-07,2024-03-07,Anne Arundel,Under Investigation,,
51,52,232312,['Air'],2024-03-07,2024-03-07,Anne Arundel,Under Investigation,,
52,53,232311,['Air'],2024-03-07,2024-03-07,Anne Arundel,Under Investigation,,
53,54,232309,['Air'],2024-03-07,2024-03-07,Anne Arundel,Under Investigation,,
54,55,232308,['Air'],2024-03-07,2024-03-07,Anne Arundel,Under Investigation,,
55,56,232307,['Air'],2024-03-07,2024-03-07,Anne Arundel,Under Investigation,,
56,57,232306,['Air'],2024-03-07,2024-03-07,Anne Arundel,Under Investigation,,
57,58,232305,['Air'],2024-03-07,2024-03-07,Anne Arundel,Under Investigation,,
58,59,232304,['Air'],2024-03-07,2024-03-07,Anne Arundel,Under Investigation,,
59,60,232303,['Air'],2024-03-07,2024-03-07,Anne Arundel,Under Investigation,,
60,61,232302,['Air'],2024-03-07,2024-03-07,Anne Arundel,Under Investigation,,
61,62,232301,['Air'],2024-03-07,2024-03-07,Anne Arundel,Under Investigation,,
62,63,232300,['Air'],2024-03-07,2024-03-07,Anne Arundel,Under Investigation,,
63,64,232299,['Air'],2024-03-07,2024-03-07,Anne Arundel,Under Investigation,,
64,65,232298,['Air'],2024-03-07,2024-03-07,Anne Arundel,Under Investigation,,
65,66,232296,['Air'],2024-03-07,2024-03-07,Anne Arundel,Under Investigation,,
66,67,232295,['Air'],2024-03-07,2024-03-07,Anne Arundel,Under Investigation,,
67,68,232291,['Air'],2024-03-07,2024-03-07,Anne Arundel,Under Investigation,,
68,69,232290,['Air'],2024-03-07,2024-03-07,Anne Arundel,Under Investigation,,
69,70,232289,['Air'],2024-03-07,2024-03-07,Anne Arundel,Under Investigation,,
70,71,232288,['Air'],2024-03-07,2024-03-07,Anne Arundel,Under Investigation,,
71,72,232287,['Air'],2024-03-07,2024-03-07,Anne Arundel,Under Investigation,,
72,73,232286,['Air'],2024-03-06,2024-03-06,Anne Arundel,Incident Closed-Managed,,2024-03-22
73,74,232285,['Air'],2024-03-06,2024-03-06,Anne Arundel,Incident Closed-Managed,,2024-03-22
74,75,232284,['Air'],2024-03-06,2024-03-06,Anne Arundel,Incident Closed-Managed,,2024-03-22
75,76,232281,['Air'],2024-03-12,2024-03-08,Anne Arundel,Incident Closed-No Violation Observed,,2024-03-12
76,77,232280,['Air'],2024-03-12,2024-03-08,Frederick,Under Investigation,,
77,78,232279,['Air'],2024-03-12,2024-03-07,Anne Arundel,Incident Closed-No Violation Observed,,2024-03-12
78,79,232278,['Air'],2024-03-12,2024-03-07,Anne Arundel,Incident Closed-No Violation Observed,,2024-03-12
79,80,232273,['Open Burning'],2024-03-11,2024-03-08,Caroline,Incident Closed-No Violation Observed,21629,2024-03-13
80,81,232264,['Other'],2024-03-06,2024-03-06,Prince George's,Incident Closed-Managed,,2024-03-08
81,82,232263,['Other'],2024-03-06,2024-03-06,Prince George's,Incident Closed-Managed,,2024-03-08
82,83,232262,['Other'],2024-03-06,2024-03-06,Prince George's,Incident Closed-Managed,,2024-03-08
83,84,232261,['Other'],2024-03-06,2024-03-06,Prince George's,Incident Closed-Managed,,2024-03-08
84,85,232260,['Other'],2024-03-06,2024-03-06,Prince George's,Incident Closed-Managed,,2024-03-08
85,86,232259,['Other'],2024-03-06,2024-03-06,Prince George's,Incident Closed-Managed,,2024-03-08
86,87,232258,['Other'],2024-03-06,2024-03-06,Prince George's,Incident Closed-Managed,,2024-03-08
87,88,232257,['Other'],2024-03-06,2024-03-06,Prince George's,Incident Closed-Managed,,2024-03-08
88,89,232253,['Air'],2024-03-07,2024-03-07,Anne Arundel,Under Investigation,,
89,90,232252,['Air'],2024-03-07,2024-03-06,Anne Arundel,Under Investigation,,
90,91,232250,['Air'],2024-03-07,2024-03-06,Anne Arundel,Incident Closed-No Violation Observed,,2024-03-07
91,92,232240,['Open Burning'],2024-03-04,2024-03-03,Wicomico,Incident Closed-No Violation Observed,21804,2024-03-06
92,93,232216,['Odor'],2024-03-01,2024-03-01,Dorchester,Incident Closed - No further action,21835,2024-03-01
93,94,232215,['Odor'],2024-03-01,2024-03-01,Dorchester,Incident Closed - No further action,21835,2024-03-01
94,95,232214,['Odor'],2024-02-26,2024-02-26,Dorchester,Incident Closed - No further action,21835,2024-02-26
95,96,232205,"['Air', 'Smoke']",2024-02-29,2024-02-29,Carroll,Referred to Outside Agency,,
96,97,232204,['Other'],2024-02-28,2024-02-28,Prince George's,Incident Closed-Managed,,2024-03-01
97,98,232203,['Air'],2024-03-01,2024-03-01,Anne Arundel,Incident Closed-No Violation Observed,21090,2024-03-08
98,99,232193,['Other'],2024-02-27,2024-02-27,Prince George's,Incident Closed-Managed,20735,2024-04-01
99,100,232191,['Air'],2024-02-28,2024-02-28,Frederick,Referred to Attorney General's Office,,
100,101,232190,['Air'],2024-02-28,2024-02-28,Charles,Under Investigation,,
101,102,232188,['Smoke'],2024-02-27,2024-02-26,,Under Investigation,21226,
102,103,232187,['Air'],2024-02-27,2024-02-27,Anne Arundel,Incident Closed-No Violation Observed,21403,2024-02-28
103,104,232186,['Odor'],2024-02-26,2024-02-26,Anne Arundel,Incident Closed - No further action,21226,2024-02-26
104,105,232176,['Air'],2024-02-26,2024-02-26,Anne Arundel,Incident Closed-Managed,,2024-03-08
105,106,232175,['Air'],2024-02-23,2024-02-23,Anne Arundel,Incident Closed-No Violation Observed,,2024-02-27
106,107,232169,['Air'],2024-02-22,2024-02-22,Anne Arundel,Incident Closed-No Violation Observed,21122,2024-02-23
107,108,222175,"['Air', 'Other']",2024-02-20,2024-02-20,Montgomery,Referred to Outside Agency,20788,
108,109,222174,['Smoke'],2024-02-22,2024-02-21,,Under Investigation,21226,
109,110,222158,['Fugitive Dust/Particulate Matter'],2024-02-20,2024-02-20,Worcester,Referred to Outside Agency,21842,
110,111,222156,['Air'],2024-02-15,2024-02-15,Baltimore,Incident Closed-No Violation Observed,21223,2024-02-16
111,112,222155,['Air'],2024-02-14,2024-02-14,Frederick,Referred to Attorney General's Office,,
112,113,222150,"['Air', 'Open Burning']",2024-02-16,2024-02-09,Cecil,Referred to LMA,21921,
113,114,222149,['Fugitive Dust/Particulate Matter'],2024-02-15,2024-02-15,Allegany,Under Investigation,21532,
114,115,222148,['Odor'],2024-02-09,2024-02-09,Baltimore City,Incident Closed-Managed,,2024-02-16
115,116,222147,['Odor'],2024-02-09,2024-02-09,Baltimore City,Incident Closed-Managed,,2024-02-16
116,117,222146,['Odor'],2024-02-08,2024-02-08,Baltimore City,Incident Closed-Managed,,2024-02-16
117,118,222145,['Odor'],2024-02-07,2024-02-07,Baltimore City,Incident Closed-Managed,,2024-02-16
118,119,222144,['Odor'],2024-02-06,2024-02-06,Baltimore City,Incident Closed-Managed,,2024-02-16
119,120,222143,['Smoke'],2024-02-02,2024-02-02,Baltimore City,Incident Closed-Managed,,2024-02-16
120,121,222142,['Odor'],2024-02-05,2024-02-05,Baltimore,Incident Closed-Managed,,2024-02-16
121,122,222141,['Odor'],2024-02-05,2024-02-05,Baltimore City,Incident Closed-Managed,,2024-02-16
122,123,222140,['Odor'],2024-02-02,2024-02-02,Baltimore,Incident Closed-Managed,,2024-02-16
123,124,222139,['Fugitive Dust/Particulate Matter'],2024-02-05,2024-02-03,Worcester,Incident Closed-Restored,21851,2024-02-22
124,125,222138,"['Air', 'Open Burning']",2024-02-07,2024-02-07,Cecil,Referred to LMA,21921,
125,126,222122,['Air'],2024-02-14,2024-02-14,Charles,Clean-up Initiated,20601,
126,127,222121,['Smoke'],2024-02-06,2024-02-06,,Under Investigation,21226,
127,128,222116,['Odor'],2024-02-13,2024-02-08,Baltimore City,Incident Closed-Managed,21226,2024-02-14
128,129,222114,['Fugitive Dust/Particulate Matter'],2024-02-12,2024-02-12,Allegany,Incident Closed - No further action,21532,2024-02-16
129,130,222112,"['Air', 'Fumes']",2024-02-09,2023-12-22,Cecil,Referred to Outside Agency,21901,
130,131,222111,['Other'],2024-02-03,2024-02-03,Prince George's,Incident Closed-Managed,20785,2024-02-12
131,132,222110,['Other'],2024-02-10,2024-02-10,Prince George's,Incident Closed-Managed,,2024-02-12
132,133,222109,['Other'],2024-02-09,2024-02-09,Prince George's,Incident Closed-Managed,,2024-02-12
133,134,222108,['Air'],2024-02-09,2024-02-09,Anne Arundel,Incident Closed-No Violation Observed,21090,2024-02-14
134,135,222107,['Air'],2024-02-09,2024-02-09,Anne Arundel,Incident Closed-No Violation Observed,21090,2024-02-14
135,136,222106,['Odor'],2024-02-09,2023-12-26,Talbot,Referred to WMA,21652,
136,137,222096,['Air'],2024-02-06,2024-02-06,Anne Arundel,Incident Closed-No Violation Observed,21113,2024-02-08
137,138,222094,['Odor'],2024-01-27,2024-01-27,Baltimore City,Incident Closed-Managed,,2024-02-08
138,139,222093,['Odor'],2024-02-26,2024-01-26,Baltimore City,Incident Closed-Managed,,2024-02-08
139,140,222092,['Odor'],2024-01-26,2024-01-26,Baltimore City,Incident Closed-Managed,,2024-02-08
140,141,222091,['Smoke'],2024-01-26,2024-01-26,Baltimore City,Incident Closed-Managed,,2024-02-08
141,142,222090,['Odor'],2024-01-25,2024-01-25,Baltimore City,Incident Closed-Managed,,2024-02-08
142,143,222089,['Odor'],2024-01-23,2024-01-23,Baltimore City,Incident Closed-Managed,,2024-02-08
143,144,222088,['Odor'],2024-01-19,2024-01-19,Baltimore City,Incident Closed-Managed,,2024-02-08
144,145,222087,['Odor'],2024-01-16,2024-01-16,Baltimore City,Incident Closed-Managed,,2024-02-08
145,146,222086,['Odor'],2024-01-11,2024-01-11,Baltimore City,Incident Closed-Managed,,2024-02-08
146,147,222085,['Smoke'],2024-02-06,2024-02-06,,Under Investigation,21226,
147,148,222084,['Smoke'],2024-01-26,2024-01-26,,Under Investigation,21226,
148,149,222071,"['Air', 'Odor', 'Smoke']",2024-02-01,2024-02-01,Cecil,Referred to Outside Agency,21903,
149,150,222070,"['Air', 'Odor', 'Smoke']",2024-01-30,2024-01-30,Montgomery,Incident Closed-Managed,20852,2024-02-06
150,151,222068,['Other'],2024-02-05,2024-02-05,Not Yet Determined,Incident Closed-Managed,,2024-02-05
151,152,222067,['Other'],2024-02-01,2024-02-01,Prince George's,Incident Closed-Managed,,2024-02-05
152,153,222055,['Air'],2024-02-01,2024-02-01,Frederick,Referred to Attorney General's Office,,
153,154,222054,['Air'],2024-02-02,2024-02-01,Frederick,Under Investigation,,
154,155,222053,['Other'],2024-01-31,2024-01-31,Prince George's,Incident Closed-Managed,,2024-02-02
155,156,222052,['Other'],2024-01-31,2024-01-31,Howard,Incident Closed-Managed,,2024-02-02
156,157,222051,['Air'],2024-02-01,2024-02-01,Anne Arundel,Incident Closed-Managed,21122,2024-02-02
157,158,222044,['Odor'],2024-01-25,2024-01-25,Anne Arundel,Incident Closed - No further action,21226,2024-01-25
158,159,222043,['Odor'],2024-01-25,2024-01-25,Anne Arundel,Incident Closed - No further action,21226,2024-01-25
159,160,222036,['Other'],2024-01-30,2024-01-30,Prince George's,Incident Closed-Managed,,2024-02-02
160,161,222032,['Other'],2024-01-25,2024-01-25,Prince George's,Incident Closed-Managed,,2024-01-31
161,162,222027,['Fugitive Dust/Particulate Matter'],2024-01-26,,Baltimore,Incident Closed-Managed,21227,2024-01-29
162,163,222026,['Air'],2024-01-29,2024-01-29,Anne Arundel,Under Investigation,,
163,164,222022,['Air'],2024-01-26,2024-01-26,Anne Arundel,Incident Closed-No Violation Observed,21061,2024-01-26
164,165,222019,['Air'],2024-01-25,2024-01-25,Anne Arundel,Incident Closed-Managed,21060,2024-02-06
165,166,222016,['Fugitive Dust/Particulate Matter'],2024-01-24,,Baltimore,Incident Closed-Managed,21227,2024-01-29
166,167,222015,['Fugitive Dust/Particulate Matter'],2024-01-24,,Baltimore,Incident Closed-Managed,21227,2024-01-29
167,168,222014,['Air'],2024-01-25,2024-01-25,Anne Arundel,Under Investigation,,
168,169,222012,['Air'],2024-01-24,2024-01-24,Anne Arundel,Incident Closed-Managed,,2024-01-25
169,170,222010,['Smoke'],2024-01-03,2024-01-03,,Incident Closed-Managed,21230,2024-01-24
170,171,222009,['Smoke'],2024-01-24,2024-01-24,,Under Investigation,21226,
171,172,222008,"['Odor', 'Smoke']",2024-01-16,2024-01-13,,Under Investigation,21226,
172,173,222007,['Smoke'],2024-01-05,2024-01-05,,Under Investigation,21226,
173,174,222005,['Fugitive Dust/Particulate Matter'],2024-01-17,,Baltimore,Incident Closed-Managed,21227,2024-01-29
174,175,222004,['Fumes'],2024-01-18,,Baltimore,Incident Closed-Managed,21228,2024-01-24
175,176,222002,['Air'],2024-01-23,2024-01-23,Frederick,Incident Closed-No Violation Observed,21703,2024-02-07
176,177,221998,['Air'],2024-01-12,2024-01-12,Montgomery,Incident Closed - No further action,20904,2024-01-22
177,178,221996,['Other'],2024-01-18,2024-01-18,Prince George's,Incident Closed-Managed,20747,2024-01-22
178,179,211996,"['Air', 'Odor']",2024-01-17,2024-01-17,Cecil,Referred to LMA,21911,
179,180,211992,['Other'],2024-01-17,2024-01-17,Prince George's,Incident Closed-Managed,,2024-01-17
180,181,211985,['Other'],2024-01-11,2024-01-11,Caroline,Referred to Outside Agency,21660,
181,182,211984,['Other'],2024-01-10,2024-01-10,Caroline,Referred to WMA,21660,
182,183,211983,['Odor'],2024-01-08,2024-01-08,Baltimore City,Incident Closed - No further action,,2024-01-08
183,184,211973,['Other'],2024-01-11,2024-01-11,Prince George's,Incident Closed-Managed,,2024-01-12
184,185,211968,['Other'],2024-01-04,2024-01-04,Washington,Incident Closed - No further action,,2024-01-10
185,186,211967,['Smoke'],2023-12-27,2023-12-27,Allegany,Incident Closed - No further action,21502,2024-02-15
186,187,211964,"['Air', 'Odor']",2024-01-02,2024-01-02,Cecil,Incident Closed - No further action,,2024-01-09
187,188,211963,['Open Burning'],2024-01-03,2024-01-03,Wicomico,Incident Closed-No Violation Observed,21804,2024-01-04
188,189,211961,['Odor'],2024-01-06,,Baltimore,Incident Closed-Managed,,2024-01-09
189,190,211960,['Air'],2024-01-09,2024-01-08,Frederick,Referred to Attorney General's Office,,
190,191,211959,['Air'],2024-01-05,2024-01-05,Anne Arundel,Incident Closed-No Violation Observed,,2024-01-09
191,192,211956,['Other'],2024-01-05,2024-01-05,Prince George's,Incident Closed-Managed,,2024-01-17
192,193,211955,['Other'],2024-01-03,2024-01-03,Prince George's,Incident Closed-Managed,,2024-01-17
193,194,211949,['Odor'],2024-01-03,,Baltimore,Incident Not Applicable to MDE,,
194,195,211948,['Odor'],2024-01-03,,Baltimore,Incident Closed-Managed,,2024-01-04
195,196,211947,['Fumes'],2024-01-03,,Baltimore,Incident Closed - No further action,21222,2024-01-04
196,197,211938,['Other'],2023-12-22,2023-12-22,Howard,Incident Closed-Managed,,2024-01-03
197,198,211934,['Air'],2024-01-02,2024-01-02,Anne Arundel,Incident Closed-No Violation Observed,21061,2024-01-03
198,199,211932,['Air'],2023-12-27,2023-12-27,Anne Arundel,Incident Closed-Managed,,2023-12-28
199,200,211930,['Odor'],2023-12-27,,Baltimore,Incident Closed-Managed,,2024-01-09
200,201,211926,['Air'],2023-12-22,2023-12-22,Frederick,Incident Closed-No Violation Observed,21788,2024-01-03
201,202,211907,['Air'],2023-12-21,2023-12-21,Anne Arundel,Incident Closed-No Violation Observed,21403,2024-01-08
202,203,201907,['Air'],2023-12-20,2023-12-20,Queen Anne's,Incident Closed-Managed,21638,2023-12-21
203,204,201905,['Fugitive Dust/Particulate Matter'],2023-12-20,2023-12-20,Allegany,Under Investigation,21536,
204,205,201904,['Air'],2023-12-15,2023-12-15,Anne Arundel,Incident Closed-No Violation Observed,21054,2023-12-21
205,206,201899,['Other'],2023-12-18,2023-12-18,Prince George's,Incident Closed-Managed,,2023-12-20
206,207,201898,['Other'],2023-12-19,,Baltimore,Incident Closed - No further action,,2023-12-20
207,208,201894,['Odor'],2023-12-18,,Harford,Incident Closed-Managed,21001,2023-12-21
208,209,201889,['Fumes'],2023-12-13,,Baltimore,Referred to Outside Agency,,
209,210,201885,['Other'],2023-12-15,2023-12-15,Prince George's,Incident Closed-Managed,,2023-12-18
210,211,201883,['Other'],2023-12-14,2023-12-14,Howard,Incident Closed-Managed,,2023-12-18
211,212,201873,['Odor'],2023-12-10,2023-12-10,Baltimore City,Incident Closed-Managed,,2023-12-14
212,213,201872,['Odor'],2023-12-08,2023-12-08,Baltimore City,Incident Closed-Managed,,2023-12-14
213,214,201871,['Smoke'],2023-12-07,2023-12-07,Baltimore City,Incident Closed-Managed,,2023-12-14
214,215,201869,['Air'],2023-12-08,2023-12-08,Anne Arundel,Referred to WMA,21403,
215,216,201868,"['Air', 'Odor']",2023-12-13,2023-12-13,Cecil,Referred to LMA,21911,
216,217,201867,"['Air', 'Odor']",2023-12-12,2023-12-12,Cecil,Referred to LMA,21911,
217,218,201866,['Air'],2023-12-11,2023-12-11,Frederick,Referred to Attorney General's Office,21757,
218,219,201865,['Other'],2023-12-11,2023-12-11,Prince George's,Incident Closed-Managed,,2023-12-13
219,220,201864,['Other'],2023-12-11,2023-12-11,Prince George's,Incident Closed-Managed,,2023-12-13
220,221,201863,['Other'],2023-12-11,2023-12-11,Prince George's,Incident Closed-Managed,,2023-12-13
221,222,201862,['Other'],2023-12-11,2023-12-11,Prince George's,Incident Closed-Managed,,2023-12-13
222,223,201861,['Other'],2023-12-11,2023-12-11,Prince George's,Incident Closed-Managed,,2023-12-13
223,224,201860,['Other'],2023-12-11,2023-12-11,Prince George's,Incident Closed-Managed,,2023-12-13
224,225,201859,['Other'],2023-12-11,2023-12-11,Prince George's,Incident Closed-Managed,,2023-12-13
225,226,201858,['Other'],2023-12-11,2023-12-11,Prince George's,Incident Closed-Managed,,2023-12-13
226,227,201857,['Other'],2023-12-11,2023-12-11,Prince George's,Incident Closed-Managed,,2023-12-13
227,228,201856,['Other'],2023-12-08,2023-12-08,Prince George's,Incident Closed-Managed,,2023-12-20
228,229,201855,['Smoke'],2023-12-06,2023-12-06,Garrett,Incident Closed - No further action,21520,2024-02-09
229,230,201852,['Open Burning'],2023-12-05,2023-12-05,Washington,Incident Closed - No further action,21756,2023-12-12
230,231,201845,"['Air', 'Odor', 'Open Burning']",2023-12-11,2023-12-03,Montgomery,Referred to Outside Agency,20902,
231,232,201843,['Air'],2023-12-11,2023-12-08,Charles,Under Investigation,,
232,233,201842,['Air'],2023-12-05,2023-12-05,Anne Arundel,Referred to WMA,21403,
233,234,201841,['Air'],2023-12-11,2023-12-07,Charles,Under Investigation,,
234,235,201831,['Air'],2023-12-07,2023-12-07,Anne Arundel,Incident Closed - No further action,,2023-12-07
235,236,201830,['Air'],2023-12-04,2023-12-04,Frederick,Incident Closed-Managed,21788,2023-12-11
236,237,201829,['Air'],2023-12-07,2023-12-06,Charles,Under Investigation,,
237,238,201828,['Air'],2023-12-04,2023-12-04,Frederick,Incident Closed-No Violation Observed,21701,2023-12-11
238,239,201827,['Air'],2023-12-04,2023-12-04,Frederick,Referred to Attorney General's Office,21757,
239,240,201825,['Open Burning'],2023-12-01,2023-12-01,Wicomico,Under Investigation,21801,
240,241,201823,['Smoke'],2023-12-04,,Baltimore,Incident Closed - No further action,,2023-12-05
241,242,201822,['Odor'],2023-11-30,2023-11-30,Baltimore City,Incident Closed-Managed,,2023-12-05
242,243,201821,['Odor'],2023-11-25,2023-11-25,Baltimore City,Incident Closed-Managed,,2023-12-05
243,244,201820,['Odor'],2023-11-17,2023-11-17,Baltimore City,Incident Closed-Managed,,2023-12-05
244,245,201819,['Odor'],2023-11-15,2023-11-15,Baltimore City,Incident Closed-Managed,,2023-12-05
245,246,201818,['Odor'],2023-11-04,2023-11-04,Baltimore City,Incident Closed-Managed,,2023-12-05
246,247,201814,['Other'],2023-12-04,2023-11-29,Prince George's,Incident Closed-Managed,20781,2023-12-08
247,248,201810,"['Air', 'Fugitive Dust/Particulate Matter', 'Smoke']",2023-12-01,2023-12-01,Montgomery,Referred to Outside Agency,20902,
248,249,201809,['Air'],2023-12-01,2023-11-28,Anne Arundel,Incident Closed-Managed,21403,2023-12-08
249,250,191816,"['Air', 'Odor']",2023-11-30,2023-11-30,Cecil,Referred to LMA,21911,
250,251,191809,['Fumes'],2023-11-28,,Baltimore,Incident Not Applicable to MDE,,
251,252,191804,['Air Pollutant Release'],2023-11-28,2023-10-02,Montgomery,Under Investigation,20877,
252,253,191802,['Air'],2023-11-28,2023-11-27,Anne Arundel,Incident Closed - No further action,21114,2023-11-29
253,254,191794,['Air'],2023-11-27,2023-11-27,Frederick,Referred to Attorney General's Office,,
254,255,191793,"['Air', 'Odor']",2023-11-22,2023-11-22,Cecil,Referred to LMA,21911,
255,256,191783,['Other'],2023-11-21,2023-11-21,Prince George's,Incident Closed-Managed,,2023-11-22
256,257,191782,['Other'],2023-11-22,2023-11-21,Prince George's,Incident Closed-Managed,,2023-11-22
257,258,191781,['Other'],2023-11-21,2023-11-21,Prince George's,Incident Closed-Managed,,2023-11-22
258,259,191780,['Other'],2023-11-21,2023-11-21,Prince George's,Incident Closed-Managed,,2023-11-22
259,260,191779,['Other'],2023-11-20,2023-11-20,Prince George's,Incident Closed-Managed,,2023-11-22
260,261,191778,['Other'],2023-11-21,2023-11-21,Prince George's,Incident Closed-Managed,,2023-11-22
261,262,191777,['Other'],2023-11-20,2023-11-20,Prince George's,Incident Closed-Managed,,2023-11-22
262,263,191776,['Other'],2023-11-21,2023-11-21,Prince George's,Incident Closed-Managed,,2023-11-22
263,264,191775,['Other'],2023-11-21,2023-11-21,Prince George's,Incident Closed-Managed,,2023-11-22
264,265,191774,"['Air', 'Fugitive Dust/Particulate Matter']",2023-10-19,2023-10-19,Cecil,Incident Closed-Managed,21919,2023-11-21
265,266,191773,"['Air', 'Odor']",2023-11-16,2023-11-16,Cecil,Referred to Outside Agency,21911,
266,267,191772,['Odor'],2023-11-21,,St. Mary's,Referred to Outside Agency,,
267,268,191769,['Fugitive Dust/Particulate Matter'],2023-11-21,2023-11-21,Washington,Under Investigation,21742,
268,269,191766,['Air'],2023-11-21,2023-11-21,Anne Arundel,Referred to Attorney General's Office,,
269,270,191760,['Odor'],2023-11-17,,Baltimore,Incident Closed-Managed,,2023-11-20
270,271,191759,['Other'],2023-11-17,2023-11-17,Prince George's,Incident Closed-Managed,,2023-11-20
271,272,191758,['Other'],2023-11-18,2023-11-18,Prince George's,Incident Closed-Managed,,2023-11-20
272,273,191757,['Other'],2023-11-19,2023-11-19,Prince George's,Incident Closed-Managed,,2023-11-20
273,274,191756,['Other'],2023-11-19,2023-11-19,Prince George's,Incident Closed-Managed,,2023-11-20
274,275,191754,['Other'],2023-11-19,2023-11-19,Prince George's,Incident Closed-Managed,,2023-11-20
275,276,191748,"['Air', 'Smoke']",2023-11-16,2023-11-16,Carroll,Incident Closed-Managed,,2023-11-16
276,277,191747,"['Air', 'Odor']",2023-11-15,2023-11-13,Cecil,Referred to Outside Agency,21911,
277,278,191746,['Air'],2023-11-16,2023-11-16,Anne Arundel,Referred to WMA,21403,
278,279,191741,['Fumes'],2023-11-13,,Harford,Incident Closed-No Violation Observed,21017,2023-11-30
279,280,191739,['Air'],2023-11-13,2023-11-13,Anne Arundel,Incident Not Applicable to MDE,21225,
280,281,191738,['Air'],2023-11-14,2023-11-12,Anne Arundel,Under Investigation,,
281,282,191737,['Air'],2023-11-11,2023-11-11,Frederick,Incident Closed-Managed,21701,2023-11-14
282,283,191736,"['Fugitive Dust/Particulate Matter', 'Smoke']",2023-11-07,2023-11-07,Washington,Incident Closed-Managed,21740,2024-03-19
283,284,191735,['Air'],2023-11-08,2023-11-08,Anne Arundel,Incident Closed - No further action,21122,2023-11-14
284,285,191731,['Air'],2023-11-13,2023-11-10,Anne Arundel,Under Investigation,,
285,286,191730,['Air'],2023-11-13,2023-11-10,Anne Arundel,Under Investigation,,
286,287,191729,['Air'],2023-11-10,2023-11-10,Anne Arundel,Under Investigation,21060,
287,288,191726,['Air'],2023-11-10,2023-11-10,Frederick,Referred to Attorney General's Office,,
288,289,191720,['Other'],2023-11-07,2023-11-07,Prince George's,Incident Closed-Managed,20784,2023-11-08
289,290,191718,['Other'],2023-11-03,2023-11-03,Prince George's,Incident Closed-Managed,20746,2023-12-08
290,291,191715,"['Air', 'Open Burning']",2023-11-06,2023-11-06,Carroll,Referred to Outside Agency,21158,
291,292,191713,['Odor'],2023-11-03,,Baltimore,Incident Not Applicable to MDE,,
292,293,191712,['Odor'],2023-11-02,,Baltimore,Referred to Outside Agency,,
293,294,191711,['Other'],2023-11-03,2023-11-03,Prince George's,Incident Closed-Managed,,2023-11-05
294,295,191710,['Other'],2023-10-30,2023-10-30,Prince George's,Incident Closed-Managed,,2023-11-03
295,296,191707,['Air'],2023-11-02,2023-11-02,Frederick,Incident Closed - No further action,21769,2023-11-16
296,297,191706,['Air'],2023-11-03,2023-11-02,Anne Arundel,Under Investigation,,
297,298,191705,['Air'],2023-11-03,2023-10-31,Charles,Incident Closed - No further action,,2023-11-03
298,299,191704,['Odor'],2023-10-30,2023-10-30,Baltimore City,Incident Closed-Managed,,2023-11-02
299,300,191703,['Odor'],2023-10-29,2023-10-29,Baltimore City,Incident Closed-Managed,,2023-11-02
300,301,191702,['Odor'],2023-11-28,2023-10-28,Baltimore City,Incident Closed-Managed,,2023-11-02
301,302,191700,['Odor'],2023-10-27,2023-10-27,Baltimore City,Incident Closed-Managed,,2023-11-02
302,303,191699,['Odor'],2023-11-01,2023-11-01,Washington,Incident Closed - No further action,21740,2023-11-02
303,304,191697,['Fugitive Dust/Particulate Matter'],2023-10-26,2023-10-26,Washington,Under Investigation,21742,
304,305,191696,['Fugitive Dust/Particulate Matter'],2023-10-26,2023-10-26,Washington,Under Investigation,21742,
305,306,191693,['Air'],2023-11-01,2023-10-31,Frederick,Referred to Attorney General's Office,,
306,307,191692,['Air'],2023-10-31,2023-10-31,Anne Arundel,Incident Closed - No further action,21144,2023-11-14
307,308,191690,['Air'],2023-11-01,2023-10-30,Anne Arundel,Incident Not Applicable to MDE,,
308,309,191689,['Air'],2023-11-01,2023-10-26,Anne Arundel,Under Investigation,,
309,310,191686,"['Air', 'Odor']",2023-10-31,2023-10-27,Baltimore,Incident Closed-Managed,21224,2023-10-31
310,311,191684,['Other'],2023-10-24,2023-10-24,Baltimore City,Incident Closed-Managed,,2023-10-31
311,312,191683,['Odor'],2023-10-24,2023-10-24,Baltimore City,Incident Closed-Managed,,2023-10-31
312,313,191682,['Odor'],2023-10-19,2023-10-19,Baltimore City,Incident Closed-Managed,,2023-10-31
313,314,191681,['Air Pollutant Release'],2023-10-16,2023-10-16,Baltimore City,Incident Closed - No further action,,2023-10-31
314,315,191680,['Air'],2023-10-11,2023-05-06,Baltimore City,Incident Closed-Managed,21226,2023-10-31
315,316,191677,"['Air', 'Fumes', 'Odor']",2023-10-26,2023-10-26,Carroll,Incident Closed-Managed,21048,2023-10-30
316,317,191675,['Air'],2023-10-30,2023-10-30,Frederick,Incident Closed - No further action,,2023-10-30
317,318,191674,['Air'],2023-10-30,2023-10-28,Anne Arundel,Incident Closed - No further action,21037,2023-11-01
318,319,191671,['Other'],2023-10-24,2023-10-24,Prince George's,Incident Closed-Managed,,2023-10-27
319,320,191667,['Air'],2023-10-26,2023-10-26,Frederick,Clean-up Initiated,,
320,321,191665,['Odor'],2023-10-12,2023-10-12,Baltimore City,Incident Closed-Managed,,2023-10-25
321,322,191664,['Odor'],2023-10-05,2023-10-05,Baltimore City,Incident Closed-Managed,,2023-10-25
322,323,191663,['Odor'],2023-09-26,2023-09-26,Baltimore City,Incident Closed-Managed,,2023-10-25
323,324,191662,['Odor'],2023-09-27,2023-09-27,Baltimore City,Incident Closed-Managed,,2023-10-25
324,325,191661,['Odor'],2023-09-20,2023-09-20,Baltimore City,Incident Closed-Managed,,2023-10-25
325,326,191660,['Odor'],2023-09-12,2023-09-12,Baltimore City,Incident Closed-Managed,,2023-10-25
326,327,191659,['Fugitive Dust/Particulate Matter'],2023-09-11,2023-09-11,Baltimore City,Incident Closed-Managed,,2023-10-25
327,328,191658,['Odor'],2023-09-11,2023-09-11,Baltimore City,Incident Closed-Managed,,2023-10-25
328,329,191657,['Odor'],2023-09-09,2023-09-09,Baltimore City,Incident Closed-Managed,,2023-10-25
329,330,191656,['Fugitive Dust/Particulate Matter'],2023-09-08,2023-09-08,Baltimore City,Incident Closed-Managed,,2023-10-25
330,331,191655,['Odor'],2023-09-07,2023-09-07,Baltimore City,Incident Closed-Managed,,2023-10-25
331,332,191650,['Air'],2023-10-25,2023-10-25,Frederick,Clean-up Initiated,,
332,333,191648,['Noise Complaint'],2023-10-23,,Baltimore,Incident Not Applicable to MDE,,
333,334,191646,['Air'],2023-10-24,2023-10-24,Frederick,Clean-up Initiated,,
334,335,191644,['Air'],2023-10-24,2023-10-24,Frederick,Clean-up Initiated,,
335,336,191643,['Air'],2023-10-24,2023-10-23,Charles,Under Investigation,,
336,337,191638,['Other'],2023-10-19,2023-10-19,Prince George's,Incident Closed-Managed,20743,2023-10-20
337,338,191637,"['Fugitive Dust/Particulate Matter', 'Smoke']",2023-10-18,2023-10-05,Allegany,Incident Closed - No further action,21540-109,2024-02-02
338,339,191635,['Other'],2023-10-19,2023-10-19,Prince George's,Incident Closed-Managed,,2023-10-20
339,340,191634,['Fugitive Dust/Particulate Matter'],2023-10-18,2023-10-18,Washington,Under Investigation,21742,
340,341,181632,['Air'],2023-10-19,2023-10-19,St. Mary's,Incident Not Applicable to MDE,,
341,342,181626,['Air'],2023-10-18,2023-10-16,Anne Arundel,Incident Closed-No Violation Observed,21037,2023-10-23
342,343,181625,['Air'],2023-10-16,2023-10-16,Frederick,Incident Closed - No further action,,2023-10-19
343,344,181624,['Air'],2023-10-17,2023-10-17,Anne Arundel,Incident Closed - No further action,,2023-10-18
344,345,181622,['Other'],2023-10-16,,Baltimore,Incident Closed-Managed,,2023-10-17
345,346,181621,['Odor'],2023-10-15,,Baltimore,Incident Closed-No Violation Observed,,2023-10-17
346,347,181617,"['Air', 'Odor', 'Open Burning', 'Smoke']",2023-10-10,2023-10-10,Cecil,Incident Closed-Managed,21919,2023-10-16
347,348,181616,"['Air', 'Fugitive Dust/Particulate Matter', 'Other', 'Suspected Operation without Permit']",2023-10-11,2023-10-11,Cecil,Incident Closed-Managed,21901,2023-11-21
348,349,181615,"['Air', 'Fumes', 'Odor']",2023-10-13,2023-10-13,Montgomery,Incident Closed-Managed,20852,2023-10-16
349,350,181613,['Other'],2023-10-11,2023-10-11,Allegany,Incident Closed - No further action,,2023-10-16
350,351,181612,['Other'],2023-10-10,2023-10-10,Allegany,Incident Closed - No further action,,2023-10-16
351,352,181611,['Smoke'],2023-09-27,2023-09-27,Allegany,Incident Closed - No further action,21562,2023-11-21
352,353,181609,['Air'],2023-10-13,2023-10-13,Anne Arundel,Incident Not Applicable to MDE,,
353,354,181607,['Other'],2023-10-05,2023-10-05,Prince George's,Incident Closed-Managed,,2023-10-13
354,355,181606,['Other'],2023-10-05,2023-10-05,Prince George's,Incident Closed-Managed,,2023-11-05
355,356,181605,['Other'],2023-10-03,2023-10-03,Prince George's,Incident Closed-Managed,,2023-10-13
356,357,181598,['Air'],2023-10-11,2023-10-11,Frederick,Incident Closed-Clean-up Completed,21701,2023-10-13
357,358,181596,['Fugitive Dust/Particulate Matter'],2023-10-03,2023-10-03,Kent,Incident Closed-No Violation Observed,,2023-10-06
358,359,181595,['Odor'],2023-10-09,,Baltimore,Incident Closed-No Violation Observed,21093,2023-10-17
359,360,181594,['Smoke'],2023-10-10,,Baltimore,Incident Not Applicable to MDE,,
360,361,181593,['Air'],2023-10-10,2023-10-09,Frederick,Clean-up Initiated,21757,
361,362,181588,['Air'],2023-10-05,2023-10-05,Frederick,Incident Closed - No further action,21771,2023-10-06
362,363,181587,['Air'],2023-10-03,2023-10-03,Frederick,Incident Closed - No further action,,2023-10-20
363,364,181586,['Air'],2023-10-04,2023-10-04,Frederick,Clean-up Initiated,21757,
364,365,181585,"['Air', 'Odor']",2023-10-05,2023-10-04,Baltimore,Incident Closed-Managed,21224,2023-10-05
365,366,181584,['Odor'],2023-10-04,,Harford,Incident Not Applicable to MDE,,
366,367,181582,['Odor'],2023-10-04,2023-10-04,Cecil,Referred to Outside Agency,21911,
367,368,181579,['Air'],2023-10-04,2023-10-04,Frederick,Clean-up Initiated,,
368,369,181578,['Other'],2023-10-02,2023-10-02,Prince George's,Incident Closed-Managed,,2023-10-04
369,370,181577,['Other'],2023-08-29,2023-09-29,Prince George's,Incident Closed-Managed,,2023-10-04
370,371,181574,['Odor'],2023-10-03,,Baltimore,Incident Closed-Managed,,2023-10-03
371,372,181573,['Air'],2023-10-03,2023-10-03,Frederick,Incident Closed-No Violation Observed,21701,2023-10-13
372,373,181572,['Air'],2023-10-03,2023-09-29,Anne Arundel,Incident Closed-Managed,21060,2023-10-02
373,374,181571,['Air'],2023-10-03,2023-09-29,Anne Arundel,Under Investigation,21054,
374,375,181567,['Odor'],2023-10-01,,Baltimore,Incident Closed-Managed,,2023-10-03
375,376,181566,"['Air', 'Asbestos Complaint']",2023-10-02,2023-10-02,Montgomery,Referred to Outside Agency,,
376,377,181554,['Air'],2023-09-27,2023-09-27,Frederick,Clean-up Initiated,,
377,378,181551,['Air'],2023-09-26,2023-09-25,Frederick,Clean-up In Progress,,
378,379,181546,['Other'],2023-09-25,2023-09-18,Howard,Incident Closed-Managed,,2023-09-25
379,380,181544,['Other'],2023-09-15,2023-09-15,Allegany,Incident Closed - No further action,,2023-09-22
380,381,181543,['Air'],2023-09-22,2023-09-21,Not Yet Determined,Incident Not Applicable to MDE,,
381,382,181532,"['Air', 'Fumes', 'Odor']",2023-09-21,2023-03-22,Montgomery,Incident Closed-Managed,20837,2023-09-21
382,383,181531,['Air'],2023-09-21,2023-09-21,Charles,Incident Not Applicable to MDE,,
383,384,181530,['Air'],2023-09-21,2023-09-19,Frederick,Incident Closed-No Violation Observed,,2023-09-21
384,385,181529,['Air'],2023-09-21,2023-09-19,Anne Arundel,Incident Closed - No further action,21054,2023-11-21
385,386,181528,['Air'],2023-09-21,2023-09-18,Frederick,Clean-up Initiated,,
386,387,181526,['Fugitive Dust/Particulate Matter'],2023-09-18,,Baltimore,Incident Closed - No further action,21162,2023-09-28
387,388,181525,['Smoke'],2023-09-18,,Harford,Incident Closed-Managed,,2023-09-19
388,389,181517,['Air'],2023-09-18,2023-09-12,Frederick,Clean-up In Progress,,
389,390,181516,['Air'],2023-09-18,2023-09-06,Anne Arundel,Incident Closed - No further action,,2023-09-18
390,391,181515,['Air'],2023-09-18,2023-09-05,Anne Arundel,Under Investigation,,
391,392,181514,['Odor'],2023-09-14,2023-09-14,Carroll,Referred to Outside Agency,,
392,393,181512,['Non-Tidal Wetlands/Waterway'],2023-09-12,2023-09-12,Washington,Referred to WMA,,
393,394,181510,['Other'],2023-09-08,2023-09-08,Not Yet Determined,Incident Closed - No further action,,2023-09-22
394,395,181491,['Odor'],2023-09-08,2023-09-08,Dorchester,Incident Closed - No further action,21835,2023-09-08
395,396,181490,['Odor'],2023-09-08,2023-09-08,Dorchester,Incident Closed - No further action,21835,2023-09-08
396,397,181489,['Odor'],2023-09-08,2023-09-08,Dorchester,Incident Closed - No further action,21835,2023-09-08
397,398,181488,['Odor'],2023-09-08,2023-09-08,Dorchester,Incident Closed - No further action,21835,2023-09-08
398,399,181487,['Odor'],2023-08-29,2023-08-29,Dorchester,Incident Closed - No further action,21835,2023-09-29
399,400,181483,['Other'],2023-09-11,2023-09-11,Washington,Incident Closed-Managed,,2023-09-11
400,401,181482,['Other'],2023-09-11,2023-09-10,Prince George's,Incident Closed-Managed,,2023-09-15
401,402,181480,['Smoke'],2023-09-11,,Baltimore,Incident Closed - No further action,21228,2023-09-20
402,403,181479,['Odor'],2023-09-08,,Baltimore,Incident Closed-Managed,,2023-09-11
403,404,181478,['Fugitive Dust/Particulate Matter'],2023-09-08,,Baltimore,Incident Closed-No Violation Observed,,2023-09-11
404,405,181462,['Fumes'],2023-09-05,,Harford,Incident Closed-Managed,,2023-09-07
405,406,181459,['Odor'],2023-09-01,2023-09-01,Baltimore City,Incident Closed-Managed,,2023-09-05
406,407,181458,['Odor'],2023-08-28,2023-08-28,Baltimore City,Incident Closed-Managed,,2023-09-05
407,408,181457,['Odor'],2023-08-23,2023-08-23,Baltimore City,Incident Closed-Managed,,2023-09-05
408,409,181456,['Odor'],2023-08-23,2023-08-23,Baltimore City,Incident Closed-Managed,,2023-09-05
409,410,181455,['Odor'],2023-08-17,2023-08-17,Baltimore City,Incident Closed-Managed,,2023-09-05
410,411,181454,['Odor'],2023-08-14,2023-08-14,Baltimore City,Incident Closed-Managed,,2023-09-05
411,412,181453,['Odor'],2023-07-24,2023-07-24,Baltimore City,Incident Closed-Managed,,2023-09-05
412,413,181452,['ARA AQCP non-regulated entity'],2023-07-21,2023-07-21,Baltimore City,Incident Closed - No further action,,2023-09-05
413,414,181451,['Odor'],2023-07-20,2023-07-20,Baltimore City,Incident Closed-Managed,,2023-09-05
414,415,181442,['Other'],2023-08-30,2023-08-30,Prince George's,Incident Closed-Managed,,2023-09-15
415,416,181440,['Other'],2023-08-30,2023-08-30,Prince George's,Incident Closed-Managed,,2023-09-15
416,417,181427,['Other'],2023-08-28,2023-08-28,Prince George's,Incident Closed-Managed,20782,2023-08-30
417,418,181426,['Other'],2023-08-25,2023-08-25,Prince George's,Incident Closed-Managed,,2023-08-30
418,419,181425,['Other'],2023-08-18,2023-08-18,Prince George's,Incident Closed-Managed,,2023-08-18
419,420,181424,['Other'],2023-08-17,2023-08-17,Prince George's,Incident Closed-Managed,,2023-08-30
420,421,181422,['Air'],2023-08-29,2023-08-29,Frederick,Incident Closed-Managed,,2023-08-29
421,422,181421,['Air'],2023-08-29,2023-08-28,Frederick,Incident Closed-Managed,,2023-08-29
422,423,181420,['Air'],2023-08-29,2023-08-28,Anne Arundel,Incident Closed - No further action,,2023-08-29
423,424,181419,['Air'],2023-08-29,2023-08-28,Charles,Under Investigation,,
424,425,181418,['Other'],2023-08-28,2023-08-28,Frederick,Referred to WMA,21788,
425,426,181416,['Odor'],2023-08-22,2023-08-22,Dorchester,Incident Closed - No further action,21835,2023-08-22
426,427,181412,['Other'],2023-08-17,2023-08-17,Howard,Incident Closed-Managed,20794,2023-08-28
427,428,181403,['Open Burning'],2023-08-21,,Harford,Incident Closed-Managed,,2023-08-22
428,429,181391,['Noise Complaint'],2023-08-17,2023-08-16,Anne Arundel,Incident Not Applicable to MDE,,
429,430,181379,['Other'],2023-08-10,2023-08-10,Prince George's,Incident Closed-Managed,,2023-08-14
430,431,181376,['Odor'],2023-08-14,2023-08-14,Dorchester,Referred to WMA,21643,
431,432,181375,"['Fugitive Dust/Particulate Matter', 'Smoke']",2023-08-11,2023-08-11,Washington,Under Investigation,21740,
432,433,181372,['Odor'],2023-08-10,2023-08-10,Anne Arundel,Incident Closed - No further action,,2023-08-10
433,434,181371,['Odor'],2023-08-11,2023-08-09,Baltimore City,Incident Closed - No further action,,2023-08-14
434,435,181365,['Odor'],2023-08-07,2023-08-05,Dorchester,Incident Closed-No Violation Observed,21643,2023-08-08
435,436,181349,['Other'],2023-08-07,2023-08-07,Not Yet Determined,Incident Closed - No further action,,2023-08-08
436,437,181348,['Other'],2023-08-02,2023-08-02,Garrett,Incident Closed - No further action,21550,2023-08-08
437,438,181343,['Other'],2023-08-07,2023-08-07,Not Yet Determined,Incident Closed-Managed,,2023-08-07
438,439,181327,['Odor'],2023-07-31,2023-07-31,Dorchester,Incident Closed - No further action,21643,2023-07-31
439,440,181314,['Air'],2023-07-27,2023-07-27,Charles,Under Investigation,,
440,441,181313,['Odor'],2023-07-26,,Baltimore,Incident Closed - No further action,,2023-07-27
441,442,181311,['Fugitive Dust/Particulate Matter'],2023-07-24,2023-07-24,Washington,Under Investigation,21740,
442,443,181307,['Odor'],2023-07-26,,Baltimore,Incident Closed - No further action,,2023-07-27
443,444,181304,['Odor'],2023-07-15,2023-07-15,Baltimore City,Incident Closed-Managed,,2023-07-25
444,445,181303,['Fugitive Dust/Particulate Matter'],2023-07-13,2023-07-13,Baltimore City,Incident Closed-Managed,,2023-07-25
445,446,181302,['Odor'],2023-07-09,2023-07-09,Baltimore City,Incident Closed-Managed,,2023-07-25
446,447,181301,['Odor'],2023-07-07,2023-07-07,Baltimore City,Incident Closed-Managed,,2023-07-25
447,448,181300,['Odor'],2023-07-06,2023-07-06,Baltimore City,Incident Closed-Managed,,2023-07-25
448,449,181297,['Odor'],2023-06-26,2023-06-26,Baltimore City,Incident Closed-Managed,,2023-07-25
449,450,181296,['Air'],2023-06-24,2023-06-24,Baltimore City,Incident Closed - No further action,,2023-07-25
450,451,181295,['Odor'],2023-06-22,2023-06-22,Baltimore City,Incident Closed-Managed,,2023-07-25
451,452,181294,['Odor'],2023-06-16,2023-06-16,Baltimore City,Incident Closed-Managed,,2023-07-25
452,453,181293,['Odor'],2023-07-12,2023-06-12,Baltimore City,Incident Closed-Managed,,2023-07-25
453,454,181292,['Fugitive Dust/Particulate Matter'],2023-06-06,2023-06-06,Baltimore City,Incident Closed - No further action,,2023-07-25
454,455,181291,['Odor'],2023-06-05,2023-06-05,Baltimore City,Incident Closed-Managed,,2023-07-25
455,456,181290,['Odor'],2023-06-02,2023-06-02,Baltimore City,Incident Closed-Managed,,2023-07-25
456,457,181289,['Smoke'],2023-07-24,,Harford,Incident Closed-Managed,,2023-07-31
457,458,181284,['Air'],2023-07-17,2022-11-30,Montgomery,Under Investigation,20879,
458,459,181283,"['Air', 'Fugitive Dust/Particulate Matter', 'Odor']",2023-07-14,2023-07-14,Montgomery,Referred to Outside Agency,,
459,460,181278,"['Odor', 'Open Burning', 'Smoke']",2023-07-11,2023-07-10,Allegany,Incident Closed-Managed,21501,2023-07-21
460,461,171278,['Air'],2023-07-20,2023-07-20,Frederick,Under Investigation,,
461,462,171263,"['Odor', 'Open Burning', 'Smoke']",2023-07-06,2023-06-28,Garrett,Incident Closed - No further action,21550,2024-01-31
462,463,171261,"['Odor', 'Open Burning', 'Smoke']",2023-07-06,2023-06-16,Garrett,Incident Closed - No further action,21531,2024-01-31
463,464,171257,['Air'],2023-07-17,2023-07-17,Frederick,Under Investigation,21757,
464,465,171251,['Air'],2023-07-13,2023-07-13,Prince George's,Incident Closed-No Violation Observed,,2023-07-13
465,466,171247,['Open Burning'],2023-07-03,2023-07-03,Wicomico,Incident Closed-No Violation Observed,21804,2023-07-06
466,467,171235,['Other'],2023-07-06,2023-07-06,Howard,Incident Closed-Managed,,2023-07-10
467,468,171234,['Air'],2023-07-10,2023-07-06,Anne Arundel,Incident Closed-Managed,21054,2023-07-17
468,469,171233,['Air'],2023-07-10,2023-07-05,Anne Arundel,Incident Closed-Managed,21122,2023-07-17
469,470,171232,['Air'],2023-07-10,2023-07-03,Anne Arundel,Incident Closed-Clean-up Completed,21401,2023-07-14
470,471,171231,['Air'],2023-07-10,2023-07-06,Frederick,Incident Closed-No Violation Observed,21770,2023-07-14
471,472,171223,['Other'],2023-07-05,2023-07-05,Prince George's,Incident Closed-Managed,,2023-07-07
472,473,171218,['Other'],2023-06-29,2023-06-29,Howard,Incident Closed-Managed,,2023-07-05
473,474,171217,['Other'],2023-06-28,2023-06-28,Prince George's,Incident Closed-Managed,,2023-07-05
474,475,171212,['Air'],2023-06-30,2023-06-29,Anne Arundel,Incident Closed - No further action,,2023-06-30
475,476,171211,['Smoke'],2023-06-29,,Harford,Incident Closed - No further action,,2023-06-30
476,477,171210,"['Air', 'Odor']",2023-06-29,2023-06-29,Carroll,Referred to Outside Agency,21158,
477,478,171206,['Odor'],2023-06-27,,Baltimore,Incident Not Applicable to MDE,,
478,479,171205,['Air'],2023-06-28,2023-06-28,Statewide,Incident Closed-Managed,,2023-06-29
479,480,171195,['Air'],2023-06-28,2023-06-28,Baltimore,Incident Closed - No further action,,2023-06-28
480,481,171188,['Fumes'],2023-06-26,,Harford,Incident Closed-Managed,,2023-06-29
481,482,171187,['Air'],2023-06-27,2023-06-27,Charles,Under Investigation,,
482,483,171180,['Other'],2023-06-26,2023-06-26,Not Yet Determined,Incident Closed-Managed,,2023-07-07
483,484,171155,['Air'],2023-06-23,2023-06-23,Frederick,Under Investigation,,
484,485,161146,['Fugitive Dust/Particulate Matter'],2023-06-21,,Baltimore,Incident Closed - No further action,,2023-06-21
485,486,161144,['Air'],2023-06-21,2023-06-20,Frederick,Under Investigation,,
486,487,161143,['Air'],2023-06-21,2023-06-19,Frederick,Under Investigation,,
487,488,161141,['Odor'],2023-06-20,2023-06-15,Washington,Referred to WMA,21782,
488,489,161135,"['Air', 'Fugitive Dust/Particulate Matter']",2023-06-06,2023-05-22,Cecil,Incident Closed-Managed,21904,2023-06-15
489,490,161134,['Air'],2023-06-15,2023-06-13,Anne Arundel,Incident Closed-Managed,20794,2023-06-16
490,491,161132,['Open Burning'],2023-06-12,2023-06-12,Cecil,Referred to Outside Agency,21921,
491,492,161130,['Fugitive Dust/Particulate Matter'],2023-06-14,,Baltimore,Incident Closed-No Violation Observed,,2023-06-23
492,493,161125,['Fugitive Dust/Particulate Matter'],2023-06-14,,Baltimore,Incident Closed-No Violation Observed,,2023-06-23
493,494,161116,['Open Burning'],2023-06-05,2023-06-05,Carroll,Referred to Outside Agency,21771,
494,495,161115,['Air'],2023-06-12,2023-06-12,Frederick,Under Investigation,,
495,496,161112,['Other'],2023-06-07,2023-06-07,Howard,Incident Closed-Managed,,2023-08-07
496,497,161111,['Other'],2023-06-06,2023-06-06,Howard,Incident Closed-Managed,,2023-06-12
497,498,161106,['Fugitive Dust/Particulate Matter'],2023-06-02,2023-06-02,Allegany,Incident Closed - No further action,,2024-01-31
498,499,161105,['Odor'],2023-06-09,,Harford,Referred to Outside Agency,,
499,500,161104,['Air'],2023-06-08,,Harford,Incident Closed-Managed,,2023-06-09
500,501,161102,['Open Burning'],2023-06-06,2023-06-06,Wicomico,Incident Closed-No Violation Observed,21801,2023-06-06
501,502,161102,['Open Burning'],2023-06-06,2023-06-06,Wicomico,Incident Closed-No Violation Observed,21822,2023-06-06
502,503,161101,['Fugitive Dust/Particulate Matter'],2023-06-07,2023-06-07,Dorchester,Incident Closed-Managed,21664,2023-06-08
503,504,161093,['Air'],2023-06-08,2023-06-07,Frederick,Under Investigation,,
504,505,161092,['Air'],2023-06-08,2023-06-05,Frederick,Incident Closed - No further action,,2023-06-08
505,506,161089,['Fugitive Dust/Particulate Matter'],2023-05-19,2023-05-10,Washington,Incident Closed-No Violation Observed,21740,2024-03-19
506,507,161086,['Non-Tidal Wetlands/Waterway'],2023-05-17,2023-05-17,Allegany,Incident Closed - No further action,21539,2023-06-08
507,508,161081,['Odor'],2023-06-01,2023-06-01,Baltimore City,Incident Closed-Managed,,2023-06-07
508,509,161080,['Odor'],2023-05-31,2023-05-31,Baltimore City,Incident Closed-Managed,,2023-06-07
509,510,161079,['Odor'],2023-05-29,2023-05-29,Baltimore City,Incident Closed-Managed,,2023-06-07
510,511,161078,['Odor'],2023-05-28,2023-05-28,Baltimore City,Incident Closed-Managed,,2023-06-07
511,512,161077,['Odor'],2023-05-27,2023-05-27,Baltimore City,Incident Closed-Managed,,2023-06-07
512,513,161076,['Odor'],2023-05-24,2023-05-24,Baltimore City,Incident Closed-Managed,,2023-06-07
513,514,161075,['Odor'],2023-05-19,2023-05-19,Baltimore City,Incident Closed-Managed,,2023-06-07
514,515,161074,['Odor'],2023-05-18,2023-05-18,Baltimore City,Incident Closed-Managed,,2023-06-07
515,516,161073,['Fugitive Dust/Particulate Matter'],2023-05-17,2023-05-17,Baltimore City,Incident Closed-Managed,,2023-06-07
516,517,161072,['Fugitive Dust/Particulate Matter'],2023-05-16,2023-05-16,Baltimore City,Incident Closed-Managed,,2023-06-07
517,518,161071,['Odor'],2023-05-10,2023-05-10,Baltimore City,Incident Closed-Managed,,2023-06-07
518,519,161070,['Odor'],2023-05-09,2023-05-09,Baltimore City,Incident Closed-Managed,,2023-06-07
520,521,161065,['Odor'],2023-05-08,2023-05-08,Baltimore City,Incident Closed-Managed,,2023-06-06
521,522,161064,['Other'],2023-06-05,2023-06-05,Howard,Incident Closed-Managed,,2023-06-06
522,523,161063,['Other'],2023-06-01,2023-06-01,Prince George's,Incident Closed-Managed,,2023-06-06
523,524,161062,['Odor'],2023-05-07,2023-05-07,Baltimore City,Incident Closed-Managed,,2023-06-06
524,525,161061,['Other'],2023-06-01,2023-06-01,Howard,Incident Closed-Managed,21075,2023-06-06
525,526,161060,['Odor'],2023-05-06,2023-05-06,Baltimore City,Incident Closed-Managed,,2023-06-06
526,527,161059,['Other'],2023-05-31,2023-05-31,Howard,Incident Closed-Managed,21075,2023-06-06
527,528,161058,['Other'],2023-05-23,2023-05-23,Howard,Incident Closed-Managed,21075,2023-06-06
528,529,161057,['Odor'],2023-05-05,2023-05-05,Baltimore City,Incident Closed-Managed,,2023-06-06
529,530,161055,['Air'],2023-06-06,2023-06-03,Anne Arundel,Under Investigation,,
530,531,161054,['Air'],2023-06-06,2023-06-02,Anne Arundel,Incident Closed-No Violation Observed,,2023-10-27
531,532,161042,['Air'],2023-06-02,2023-06-02,Frederick,Under Investigation,,
532,533,161041,['Air'],2023-06-02,2023-05-31,Frederick,Under Investigation,,
533,534,161040,['Air'],2023-06-02,2023-05-26,Frederick,Under Investigation,,
534,535,161035,['Air'],2023-06-02,2023-06-01,Anne Arundel,Under Investigation,,
535,536,161034,['Air'],2023-06-02,2023-05-31,Anne Arundel,Incident Closed - No further action,,2023-06-02
536,537,161033,['Air'],2023-06-02,2023-05-31,Anne Arundel,Incident Closed-No Violation Observed,21113,2023-06-02
537,538,161032,['Air'],2023-06-02,2023-05-30,Anne Arundel,Incident Closed - No further action,,2023-06-02
538,539,161031,['Air'],2023-06-02,2023-05-26,Anne Arundel,Incident Closed-No Violation Observed,21113,2023-06-12
539,540,161030,['Other'],2023-06-01,,St. Mary's,Incident Closed - No further action,,2023-06-02
540,541,161027,"['Air', 'Fugitive Dust/Particulate Matter']",2023-05-31,2023-05-31,Montgomery,Referred to Outside Agency,20912,
541,542,161012,"['Air', 'Fumes', 'Odor']",2023-05-25,2023-05-25,Montgomery,Incident Closed-Managed,20853,2023-09-21
542,543,161012,"['Air', 'Fumes', 'Odor']",2023-05-25,2023-05-25,Montgomery,Incident Closed-Managed,20837,2023-09-21
543,544,161008,['Other'],2023-05-25,,Baltimore,Incident Closed - No further action,,2023-05-26
544,545,161002,['Air'],2023-05-24,2023-05-24,Frederick,Under Investigation,,
545,546,161000,"['Fumes', 'Odor', 'Smoke']",2023-05-23,2023-05-23,Wicomico,Incident Closed-Managed,21801,2023-05-24
546,547,160992,['Odor'],2023-05-22,2023-05-13,Baltimore,Incident Closed - No further action,21222,2023-05-22
547,548,160990,"['Air', 'Fumes', 'Odor']",2023-05-19,2023-05-19,Montgomery,Incident Closed-Managed,20837,2023-09-21
548,549,160989,"['Air', 'Fumes', 'Odor']",2023-05-19,2023-05-19,Montgomery,Incident Closed-Managed,20853,2023-09-21
549,550,160989,"['Air', 'Fumes', 'Odor']",2023-05-19,2023-05-19,Montgomery,Incident Closed-Managed,20837,2023-09-21
550,551,160986,['Fumes'],2023-05-18,,Baltimore,Referred to Outside Agency,,
551,552,160982,['Air'],2023-05-19,2023-05-18,Frederick,Incident Closed - No further action,,2023-11-17
552,553,160982,['Air'],2023-05-19,2023-05-18,Frederick,Incident Closed - No further action,,2023-11-17
553,554,160981,['Air'],2023-05-19,2023-05-17,Anne Arundel,Incident Closed - No further action,,2023-05-19
554,555,150983,"['Air', 'Fumes', 'Odor']",2023-05-16,2023-05-16,Montgomery,Incident Closed-Managed,20853,2023-09-21
555,556,150983,"['Air', 'Fumes', 'Odor']",2023-05-16,2023-05-16,Montgomery,Incident Closed-Managed,20837,2023-09-21
556,557,150982,"['Air', 'Fumes', 'Odor']",2023-05-16,2023-05-16,Montgomery,Incident Closed-Managed,20853,2023-09-21
557,558,150981,['Air'],2023-05-09,2023-05-09,Montgomery,Incident Closed-Managed,20879,2023-05-18
558,559,150978,['Odor'],2023-05-04,2023-05-04,Dorchester,Incident Closed - No further action,21835,2023-05-04
559,560,150977,['Fumes'],2023-05-16,,Baltimore,Incident Closed-Managed,,2023-05-17
560,561,150965,"['Air', 'Fumes', 'Odor']",2023-05-15,2023-05-15,Montgomery,Incident Closed-Managed,20837,2023-09-21
561,562,150964,['Fumes'],2023-05-15,,Baltimore,Incident Closed-Managed,,2023-05-17
562,563,150963,['Odor'],2023-05-15,,Baltimore,Referred to Outside Agency,,
563,564,150958,['Air'],2023-05-15,2023-05-12,Frederick,Incident Closed - No further action,,2023-05-15
564,565,150957,['Air'],2023-05-15,2023-05-09,Frederick,Under Investigation,,
565,566,150956,['Air'],2023-05-15,2023-05-08,Anne Arundel,Incident Closed-No Violation Observed,,2023-05-15
566,567,150951,['Smoke'],2023-05-12,2023-03-09,Harford,Incident Closed - No further action,,2023-05-12
567,568,150950,['Smoke'],2023-05-12,2023-03-09,Harford,Incident Closed - No further action,,2023-05-12
568,569,150949,['Smoke'],2023-05-12,2023-03-09,Harford,Incident Closed - No further action,,2023-05-12
569,570,150947,"['Air', 'Fumes', 'Odor']",2023-05-11,2023-05-11,Montgomery,Incident Closed-Managed,20837,2023-09-21
570,571,150946,['Air'],2023-05-12,2023-05-11,Charles,Incident Closed-No Violation Observed,20601,2023-06-14
571,572,150945,"['Air', 'Fumes', 'Odor']",2023-05-07,2023-05-07,Montgomery,Incident Closed-Managed,20837,2023-09-21
572,573,150941,['Odor'],2023-04-07,2023-04-07,Howard,Incident Closed - No further action,20723,2023-04-07
573,574,150938,"['Air', 'Other']",2023-04-20,2023-04-20,Carroll,Referred to Outside Agency,21776-811,
574,575,150932,['Other'],2023-05-08,2023-05-08,Prince George's,Incident Closed-Managed,,2023-05-10
575,576,150931,['Other'],2023-05-03,2023-05-03,Prince George's,Incident Closed-Managed,,2023-06-14
576,577,150930,['Fugitive Dust/Particulate Matter'],2023-04-20,2023-04-20,Baltimore City,Incident Closed-Managed,,2023-05-09
577,578,150929,['Odor'],2023-04-26,2023-04-26,Baltimore City,Incident Closed-Managed,,2023-05-09
578,579,150928,['Odor'],2023-04-23,2023-04-23,Baltimore City,Incident Closed-Managed,,2023-05-09
579,580,150927,['Odor'],2023-04-22,2023-04-22,Baltimore City,Incident Closed-Managed,,2023-05-09
580,581,150926,['Odor'],2023-04-21,2023-04-21,Baltimore City,Incident Closed-Managed,,2023-05-09
581,582,150925,['Air'],2023-05-09,2023-05-09,Frederick,Under Investigation,,
582,583,150916,['Air'],2023-05-08,2023-05-04,Anne Arundel,Incident Closed-No Violation Observed,,2023-05-08
583,584,150915,['Air'],2023-05-08,2023-05-04,Anne Arundel,Incident Closed - No further action,,2023-05-19
584,585,150914,['Air'],2023-05-08,2023-05-03,Anne Arundel,Incident Closed - No further action,,2023-05-19
585,586,150902,['Open Burning'],2023-05-03,2023-05-03,Somerset,Incident Closed-No Violation Observed,21853,2023-05-03
586,587,150896,['Odor'],2023-05-02,,Baltimore,Incident Closed-No Violation Observed,21093,2023-05-08
587,588,150894,"['Air', 'Other']",2023-05-01,2023-05-01,Cecil,Incident Closed - No further action,,2023-05-02
588,589,150891,['Other'],2023-04-28,2023-04-28,Cecil,Referred to Outside Agency,21901,
589,590,150887,['Air'],2023-05-01,2023-04-28,Anne Arundel,Incident Closed - No further action,,2023-05-05
590,591,150886,['Air'],2023-05-01,2023-04-26,Anne Arundel,Under Investigation,,
591,592,150867,['Other'],2023-04-27,,Baltimore,Incident Closed-Managed,,2023-04-27
592,593,150864,"['Air', 'Fugitive Dust/Particulate Matter']",2023-04-20,2023-04-20,Montgomery,Incident Closed-Managed,20852,2023-04-27
593,594,150854,"['Open Burning', 'Smoke']",2023-04-19,2023-04-19,Worcester,Incident Closed-No Violation Observed,21851,2023-05-02
594,595,150854,"['Open Burning', 'Smoke']",2023-04-19,2023-04-19,Worcester,Incident Closed-No Violation Observed,21851,2023-05-02
595,596,150854,"['Open Burning', 'Smoke']",2023-04-19,2023-04-19,Worcester,Incident Closed-No Violation Observed,21851,2023-05-02
596,597,150854,"['Open Burning', 'Smoke']",2023-04-19,2023-04-19,Worcester,Incident Closed-No Violation Observed,21851,2023-05-02
597,598,150854,"['Open Burning', 'Smoke']",2023-04-19,2023-04-19,Worcester,Incident Closed-No Violation Observed,21851,2023-05-02
598,599,150848,['Open Burning'],2023-04-23,,Harford,Incident Closed-Managed,,2023-04-28
599,600,150843,['Odor'],2023-04-16,2023-04-16,Baltimore City,Incident Closed-Managed,,2023-04-21
600,601,150842,['Odor'],2023-04-03,2023-04-03,Baltimore City,Incident Closed-Managed,,2023-04-21
601,602,150841,['Odor'],2023-03-29,2023-03-29,Baltimore City,Incident Closed-Managed,,2023-04-21
602,603,150840,['Odor'],2023-03-27,2023-03-27,Baltimore City,Incident Closed-Managed,,2023-04-21
603,604,150839,['Odor'],2023-03-26,2023-03-26,Baltimore City,Incident Closed-Managed,,2023-04-21
604,605,150837,['Odor'],2023-03-25,2023-03-25,Baltimore City,Incident Closed-Managed,,2023-04-21
605,606,140835,['Fugitive Dust/Particulate Matter'],2023-04-19,,Baltimore,Incident Closed - No further action,,2023-04-24
606,607,140834,['Air'],2023-04-20,2023-04-20,Anne Arundel,Under Investigation,,
609,610,140827,['Other'],2023-04-12,2023-04-12,Prince George's,Incident Closed-Managed,,2023-04-19
610,611,140826,['Air'],2023-04-19,2023-04-19,Frederick,Under Investigation,,
611,612,140816,['Air'],2023-04-17,2023-04-17,Frederick,Under Investigation,,
612,613,140809,['Odor'],2023-04-14,,Baltimore,Incident Closed - No further action,,2023-04-14
613,614,140797,['Other'],2023-04-09,2023-04-09,Prince George's,Incident Closed-Managed,,2023-04-12
614,615,140796,['Other'],2023-04-09,2023-04-09,Prince George's,Incident Closed-Managed,,2023-04-12
615,616,140795,['Other'],2023-04-10,2023-04-10,Prince George's,Incident Closed-Managed,,2023-04-12
616,617,140792,['Other'],2023-04-12,2023-04-04,Prince George's,Incident Closed-Managed,,2023-04-12
617,618,140791,['Other'],2023-04-04,2023-04-04,Prince George's,Incident Closed-Managed,,2023-04-12
618,619,140782,"['Air', 'Fumes', 'Odor']",2023-04-10,2023-04-10,Montgomery,Referred to Outside Agency,20837,
619,620,140781,"['Air', 'Fumes', 'Odor']",2023-03-30,2023-03-30,Montgomery,Referred to Outside Agency,20837,
620,621,140780,"['Air', 'Fumes', 'Other']",2023-03-30,2023-03-30,Montgomery,Referred to Outside Agency,20847,
621,622,140778,['Air'],2023-04-10,2023-04-10,Frederick,Incident Closed - No further action,21757,2023-04-10
622,623,140777,"['Fumes', 'Open Burning', 'Smoke']",2023-03-31,2023-03-31,Cecil,Referred to Outside Agency,21919,
623,624,140776,"['Open Burning', 'Smoke']",2023-03-31,2023-03-31,Cecil,Referred to Outside Agency,21921,
624,625,140775,['Fugitive Dust/Particulate Matter'],2023-04-05,2023-04-05,Cecil,Incident Closed - No further action,,2023-04-07
625,626,140774,"['Open Burning', 'Smoke']",2023-04-05,2023-04-05,Cecil,Referred to Outside Agency,21919,
626,627,140773,['Smoke'],2023-04-05,,St. Mary's,Incident Closed-Managed,,2023-04-07
627,628,140772,['Smoke'],2023-04-03,,St. Mary's,Incident Closed-Managed,,2023-04-07
628,629,140771,"['Air', 'Odor', 'Smoke']",2023-04-06,2023-04-06,Montgomery,Referred to Outside Agency,,
629,630,140769,['Smoke'],2023-04-05,2023-04-05,Wicomico,Incident Closed - No further action,21849,2023-04-06
630,631,140768,"['Fumes', 'Smoke']",2023-04-05,2023-04-05,Garrett,Incident Closed-Managed,21536,2023-05-26
631,632,140767,['Asbestos Complaint'],2023-03-21,2023-03-21,Allegany,Referred to ARA,21501,
632,633,140766,['Other'],2023-03-17,2023-03-17,Allegany,Incident Closed - No further action,,2023-04-06
633,634,140765,['Asbestos Complaint'],2023-03-10,2023-03-10,Allegany,Referred to ARA,,
635,636,140761,['Odor'],2023-04-05,2023-03-30,Baltimore City,Incident Closed - No further action,21231,2023-04-07
636,637,140760,['Air'],2023-04-05,2023-04-05,Anne Arundel,Incident Closed-No Violation Observed,,2023-04-05
637,638,140757,['Odor'],2023-03-24,2023-03-24,Dorchester,Incident Closed - No further action,21835,2023-03-24
638,639,140756,['Odor'],2023-04-03,2023-04-03,Baltimore City,Incident Closed - No further action,21224,2023-04-03
639,640,140752,['Air'],2023-04-04,2023-04-03,Frederick,Incident Closed-Managed,,2023-06-21
640,641,140751,['Air'],2023-04-04,2023-04-02,Anne Arundel,Incident Closed-No Violation Observed,,2023-04-04
641,642,140750,"['Air', 'Fumes', 'Odor']",2023-03-31,2023-03-31,Cecil,Incident Closed-Managed,21920,2023-04-03
642,643,140734,['Air'],2023-03-31,2023-03-29,Frederick,Incident Closed-Managed,21757,2023-06-21
643,644,140732,['Other'],2023-03-29,2023-03-29,Prince George's,Incident Closed-Managed,,2023-03-31
644,645,140729,['Other'],2023-03-29,,Baltimore,Incident Closed - No further action,,2023-03-30
645,646,140728,['Smoke'],2023-03-28,,Baltimore,Referred to Outside Agency,,
646,647,140726,"['Odor', 'Smoke']",2023-03-30,2023-03-26,Caroline,Referred to Outside Agency,21629,
647,648,140716,"['Air', 'Fumes', 'Odor']",2023-03-27,2023-03-27,Montgomery,Referred to Outside Agency,20837,
648,649,140715,['Other'],2023-03-27,2023-03-27,Prince George's,Incident Closed-Managed,,2023-03-29
649,650,140714,['Odor'],2023-03-27,2023-03-27,Howard,Incident Closed-Managed,21075,2023-06-06
650,651,140713,['Odor'],2023-03-24,2023-03-24,Dorchester,Incident Closed-Managed,21835,2023-03-24
651,652,140712,"['Air', 'Fumes', 'Odor']",2023-03-27,2023-03-27,Montgomery,Incident Closed-Managed,20837,2023-09-21
652,653,140710,"['Air', 'Fumes', 'Odor', 'Smoke']",2023-03-27,2023-03-27,Montgomery,Incident Closed-Managed,,2023-03-28
653,654,140709,"['Air', 'Fumes', 'Smoke']",2023-03-27,2023-03-27,Montgomery,Incident Closed-Managed,,2023-03-28
654,655,140708,"['Air', 'Fumes', 'Odor']",2023-03-22,2023-03-22,Montgomery,Referred to Outside Agency,20837,
655,656,140707,['Air'],2023-03-28,2023-03-26,Anne Arundel,Under Investigation,21060,
656,657,140706,['Air'],2023-03-28,2023-03-27,Anne Arundel,Incident Closed - No further action,,2023-03-28
657,658,140705,['Air'],2023-03-28,2023-03-28,Not Yet Determined,Referred to Outside Agency,,
658,659,140704,"['Fumes', 'Odor', 'Open Burning']",2023-03-22,2023-03-22,Carroll,Referred to Outside Agency,21776,
659,660,140700,['Fugitive Dust/Particulate Matter'],2023-03-26,,Harford,Incident Closed-No Violation Observed,21001,2023-03-27
660,661,140696,['Odor'],2023-03-22,2023-03-22,Anne Arundel,Incident Closed - No further action,21226,2023-03-22
661,662,140690,['Fugitive Dust/Particulate Matter'],2023-03-23,,Harford,Incident Closed-No Violation Observed,,2023-03-27
662,663,140676,['Air'],2023-03-22,2023-03-22,Anne Arundel,Incident Closed - No further action,,2023-03-22
663,664,140674,['Fugitive Dust/Particulate Matter'],2023-03-21,,Baltimore,Incident Closed-No Violation Observed,,2023-03-28
664,665,140673,['Smoke'],2023-03-18,,Baltimore,Incident Closed-No Violation Observed,21228,2023-03-22
665,666,140671,['Air'],2023-03-22,2023-03-22,Frederick,Under Investigation,21757,
666,667,140670,['Air'],2023-03-22,2023-03-21,Frederick,Under Investigation,21757,
667,668,140654,['Air'],2023-03-20,2023-03-20,Anne Arundel,Incident Closed - No further action,,2023-03-28
668,669,140652,['Other'],2023-03-15,2023-03-13,Queen Anne's,Incident Closed-Managed,21638,2023-03-15
669,670,140651,['Open Burning'],2023-03-14,2023-03-14,Somerset,Incident Closed-Managed,21853,2023-03-15
670,671,140649,['Odor'],2023-03-17,2023-03-17,Baltimore City,Incident Closed-Managed,,2023-03-17
671,672,140648,['Odor'],2023-03-12,2023-03-12,Baltimore City,Incident Closed-Managed,,2023-03-17
672,673,140647,['Odor'],2023-03-10,2023-03-10,Baltimore City,Incident Closed-Managed,,2023-03-17
673,674,140646,['Fumes'],2023-03-17,,Baltimore,Incident Closed - No further action,,2023-03-17
674,675,140645,['Other'],2023-03-13,,St. Mary's,Incident Closed - No further action,,2023-03-17
675,676,140644,['Other'],2023-03-13,,Baltimore,Incident Closed - No further action,,2023-03-17
676,677,140640,['Odor'],2023-03-10,2023-03-10,Dorchester,Incident Closed - No further action,21835,2023-03-10
680,681,140634,['Air'],2023-03-15,2023-03-10,Anne Arundel,Under Investigation,21060,
684,685,140627,"['Air', 'Odor', 'Smoke']",2023-03-13,2023-03-13,Montgomery,Referred to Outside Agency,,
686,687,140624,['Air'],2023-03-13,2023-03-10,Anne Arundel,Incident Closed-No Violation Observed,,2023-03-13
687,688,140618,['Air'],2023-03-10,2023-03-09,Anne Arundel,Under Investigation,21060,
688,689,140616,['Odor'],2023-03-10,,Baltimore,Incident Closed - No further action,,2023-03-10
693,694,140607,['Air'],2023-03-10,2023-03-09,Anne Arundel,Under Investigation,21122,
